{
    "actions": [
        {
            "name": "change-covers",
            "capabilities": "organization"
        },
        {
            "name": "get-equipment",
            "capabilities": "equipmentsearch"
        },
        {
            "name": "mark-room",
            "capabilities": "sndmessage"
        },
        {
            "name": "msg-to-mgr",
            "capabilities": "sndmessage"
        },
        {
            "name": "sterilize-room",
            "capabilities": "organization"
        },
        {
            "name": "vacuum-floor",
            "capabilities": "organization"
        },
        {
            "name": "wipe-floor",
            "capabilities": "organization"
        }
    ],
    "tasks": {
        "t0": {
            "id": "AT1_1|1",
            "name": "FindEquipment",
            "arguments": {
                "?r": "robot",
                "?eqrm": "room"
            },
            "arguments_values": {
                "?r": "",
                "?eqrm": "EquipmentRoom"
            },
            "locations": "EquipmentRoom",
            "robots_num": {
                "fixed": "True",
                "num": "1"
            },
            "preconditions": [
                {
                    "predicate": "not ?r.equipment_ok",
                    "vars": "?r",
                    "var_types": "robot"
                }
            ],
            "effects": [
                {
                    "predicate": "?r.equipment_ok",
                    "vars": "?r",
                    "var_types": "robot"
                }
            ],
            "triggering_events": "",
            "decomposition": {
                "a0": {
                    "name": "get-equipment",
                    "arguments": "?r ?eqrm"
                }
            },
            "group": "True",
            "divisible": "True"
        },
        "t1": {
            "id": "AT3_1|1",
            "name": "EnterRoom",
            "arguments": {
                "?r": "robot",
                "?rm": "room"
            },
            "arguments_values": {
                "?r": "",
                "?rm": "RoomA"
            },
            "locations": "RoomA",
            "robots_num": {
                "fixed": "True",
                "num": "1"
            },
            "preconditions": [
                {
                    "predicate": "not RoomA.occupied",
                    "vars": "RoomA",
                    "var_types": "room"
                }
            ],
            "effects": [
                {
                    "predicate": "RoomA.occupied",
                    "vars": "RoomA",
                    "var_types": "room"
                }
            ],
            "triggering_events": "",
            "decomposition": {
                "a0": {
                    "name": "mark-room",
                    "arguments": "?r ?rm"
                }
            },
            "group": "True",
            "divisible": "True"
        },
        "t2": {
            "id": "AT4_1|1",
            "name": "ChangeCovers",
            "arguments": {
                "?r": "robot",
                "?rm": "room"
            },
            "arguments_values": {
                "?r": "",
                "?rm": "RoomA"
            },
            "locations": "RoomA",
            "robots_num": {
                "fixed": "True",
                "num": "1"
            },
            "preconditions": "",
            "effects": "",
            "triggering_events": "",
            "decomposition": {
                "a0": {
                    "name": "change-covers",
                    "arguments": "?r ?rm"
                }
            },
            "group": "True",
            "divisible": "True"
        },
        "t3": {
            "id": "AT5_1|1",
            "name": "VacuumFloor",
            "arguments": {
                "?r": "robot",
                "?rm": "room"
            },
            "arguments_values": {
                "?r": "",
                "?rm": "RoomA"
            },
            "locations": "RoomA",
            "robots_num": {
                "fixed": "True",
                "num": "1"
            },
            "preconditions": "",
            "effects": "",
            "triggering_events": "",
            "decomposition": {
                "a0": {
                    "name": "vacuum-floor",
                    "arguments": "?r ?rm"
                }
            },
            "group": "True",
            "divisible": "True"
        },
        "t4": {
            "id": "AT6_1|1",
            "name": "WipeFloor",
            "arguments": {
                "?r": "robot",
                "?rm": "room"
            },
            "arguments_values": {
                "?r": "",
                "?rm": "RoomA"
            },
            "locations": "RoomA",
            "robots_num": {
                "fixed": "True",
                "num": "1"
            },
            "preconditions": "",
            "effects": "",
            "triggering_events": "",
            "decomposition": {
                "a0": {
                    "name": "wipe-floor",
                    "arguments": "?r ?rm"
                }
            },
            "group": "True",
            "divisible": "True"
        },
        "t5": {
            "id": "AT7_1|1",
            "name": "SterilizeRoom",
            "arguments": {
                "?r": "robot",
                "?rm": "room"
            },
            "arguments_values": {
                "?r": "",
                "?rm": "RoomA"
            },
            "locations": "RoomA",
            "robots_num": {
                "fixed": "True",
                "num": "1"
            },
            "preconditions": "",
            "effects": "",
            "triggering_events": "",
            "decomposition": {
                "a0": {
                    "name": "sterilize-room",
                    "arguments": "?r ?rm"
                }
            },
            "group": "True",
            "divisible": "True"
        },
        "t6": {
            "id": "AT1_2|1",
            "name": "FindEquipment",
            "arguments": {
                "?r": "robot",
                "?eqrm": "room"
            },
            "arguments_values": {
                "?r": "",
                "?eqrm": "EquipmentRoom"
            },
            "locations": "EquipmentRoom",
            "robots_num": {
                "fixed": "True",
                "num": "1"
            },
            "preconditions": [
                {
                    "predicate": "not ?r.equipment_ok",
                    "vars": "?r",
                    "var_types": "robot"
                }
            ],
            "effects": [
                {
                    "predicate": "?r.equipment_ok",
                    "vars": "?r",
                    "var_types": "robot"
                }
            ],
            "triggering_events": "",
            "decomposition": {
                "a0": {
                    "name": "get-equipment",
                    "arguments": "?r ?eqrm"
                }
            },
            "group": "True",
            "divisible": "True"
        },
        "t7": {
            "id": "AT2_2|1",
            "name": "AbortMission",
            "arguments": {
                "?r": "robot",
                "?rm": "room"
            },
            "arguments_values": {
                "?r": "",
                "?rm": "RoomB"
            },
            "locations": "",
            "robots_num": {
                "fixed": "True",
                "num": "1"
            },
            "preconditions": [
                {
                    "predicate": "RoomB.occupied",
                    "vars": "RoomB",
                    "var_types": "room"
                }
            ],
            "effects": "",
            "triggering_events": "",
            "decomposition": {
                "a0": {
                    "name": "msg-to-mgr",
                    "arguments": "?r ?rm"
                }
            },
            "group": "True",
            "divisible": "True"
        }
    },
    "constraints": [
        {
            "type": "SEQ",
            "task_instances": {
                "t0": "t1",
                "t1": "t2"
            }
        },
        {
            "type": "SEQ",
            "task_instances": {
                "t0": "t2",
                "t1": "t3"
            }
        },
        {
            "type": "SEQ",
            "task_instances": {
                "t0": "t3",
                "t1": "t4"
            }
        },
        {
            "type": "SEQ",
            "task_instances": {
                "t0": "t4",
                "t1": "t5"
            }
        },
        {
            "type": "EC",
            "task_instances": {
                "t0": "t1",
                "t1": "t2"
            },
            "group": "False",
            "divisible": "True"
        },
        {
            "type": "EC",
            "task_instances": {
                "t0": "t1",
                "t1": "t3"
            },
            "group": "False",
            "divisible": "True"
        },
        {
            "type": "EC",
            "task_instances": {
                "t0": "t1",
                "t1": "t4"
            },
            "group": "False",
            "divisible": "True"
        },
        {
            "type": "EC",
            "task_instances": {
                "t0": "t1",
                "t1": "t5"
            },
            "group": "False",
            "divisible": "True"
        },
        {
            "type": "EC",
            "task_instances": {
                "t0": "t2",
                "t1": "t3"
            },
            "group": "False",
            "divisible": "True"
        },
        {
            "type": "EC",
            "task_instances": {
                "t0": "t2",
                "t1": "t4"
            },
            "group": "False",
            "divisible": "True"
        },
        {
            "type": "EC",
            "task_instances": {
                "t0": "t2",
                "t1": "t5"
            },
            "group": "False",
            "divisible": "True"
        },
        {
            "type": "EC",
            "task_instances": {
                "t0": "t3",
                "t1": "t4"
            },
            "group": "False",
            "divisible": "True"
        },
        {
            "type": "EC",
            "task_instances": {
                "t0": "t3",
                "t1": "t5"
            },
            "group": "False",
            "divisible": "True"
        },
        {
            "type": "EC",
            "task_instances": {
                "t0": "t4",
                "t1": "t5"
            },
            "group": "False",
            "divisible": "True"
        }
    ],
    "mission_decompositions": [
        [
            "t0",
            "t1",
            "t2",
            "t3",
            "t4",
            "t5",
            "t6",
            "t7"
        ]
    ]
}
