{
  "world_db": {
    "type": "file",
    "file_type": "xml",
    "path": "knowledge/world_knowledge.xml",
    "xml_root": "world_db"
  },
  "output": {
    "output_type": "file",
    "file_path": "output/task_output.json",
    "file_type": "json"
  },
  "location_types": [
    "Room"
  ],
  "type_mapping": [
    {
      "hddl_type": "room",
      "ocl_type": "Room"
    }
  ],
  "var_mapping": [
    {
      "task_id": "AT1",
      "map": [
        {
          "gm_var": "equipment_room",
          "hddl_var": "?eqrm"
        }
      ]
    },
    {
      "task_id": "AT2",
      "map": [
        {
          "gm_var": "current_room",
          "hddl_var": "?rm"
        }
      ]
    },
    {
      "task_id": "AT3",
      "map": [
        {
          "gm_var": "current_room",
          "hddl_var": "?rm"
        }
      ]
    },
    {
      "task_id": "AT4",
      "map": [
        {
          "gm_var": "current_room",
          "hddl_var": "?rm"
        }
      ]
    },
    {
      "task_id": "AT5",
      "map": [
        {
          "gm_var": "current_room",
          "hddl_var": "?rm"
        }
      ]
    },
    {
      "task_id": "AT6",
      "map": [
        {
          "gm_var": "current_room",
          "hddl_var": "?rm"
        }
      ]
    },
    {
      "task_id": "AT7",
      "map": [
        {
          "gm_var": "current_room",
          "hddl_var": "?rm"
        }
      ]
    }
  ],
  "semantic_mapping": [
    {
      "type": "attribute",
      "name": "staphylococcus",
      "relates_to": "Room",
      "belongs_to": "world_db",
      "mapped_type": "function",
      "map": {
        "pred": "staphylococcus",
        "arg_sorts": [
          "room"
        ]
      }
    },
    {
      "type": "attribute",
      "name": "occupied",
      "relates_to": "Room",
      "belongs_to": "world_db",
      "mapped_type": "predicate",
      "map": {
        "pred": "occupied",
        "arg_sorts": [
          "room"
        ]
      }
    },
    {
      "type": "attribute",
      "name": "equipment_ok",
      "relates_to": "robot",
      "belongs_to": "world_db",
      "mapped_type": "predicate",
      "map": {
        "pred": "equipmentok",
        "arg_sorts": [
          "robot"
        ]
      }
    }
  ]
}