<world_db>
  <Room>
    <name>RoomA</name>
    <location>c3</location>
    <is_clean>False</is_clean>
    <is_prepared>False</is_prepared>
    <door_open>False</door_open>
  </Room>
  <Room>
    <name>RoomB</name>
    <location>c6</location>
    <is_clean>False</is_clean>
    <is_prepared>False</is_prepared>
    <door_open>True</door_open>
  </Room>
  <Room>
    <name>RoomC</name>
    <location>c8</location>
    <is_clean>True</is_clean>
    <is_prepared>True</is_prepared>
    <door_open>True</door_open>
  </Room>
  <Room>
    <name>SanitizationRoom</name>
    <location>c10</location>
    <is_clean>True</is_clean>
    <is_prepared>True</is_prepared>
    <door_open>True</door_open>
  </Room>
</world_db>